{"cameraMode":{"drawMode":0,"name":"Shaded","section":"Shading Mode"},"sceneLighting":false,"audioPlay":false,"sceneViewState":{"showFog":false,"showMaterialUpdate":false,"showSkybox":false,"showFlares":false,"showImageEffects":false,"showParticleSystems":false},"in2DMode":false,"pivot":{"x":-0.6065249443054199,"y":1.5859065055847169,"z":-52.839935302734378},"rotation":{"x":-0.009942881762981415,"y":-0.9889626502990723,"z":0.1252729594707489,"w":-0.07849376648664475},"size":4.140766143798828,"orthographic":false}